ad_id,ad_price,numpictures,proseller,adoldness,postalcode,production,mileage,clime_id,gas_id,shifter,person_capacity,doorsnumber,documentvalid,color,ccm,highlighted,upload_date,description,advertisement_url,catalog_url,sales_date,is_sold,download_date,sales_update_date,region_id,brand_id,model_id,error_type
15276154,1195000,12,True,30,2120,2007-06-01,210000,1,1,A4,5,4,2021-04-01,21,1596,False,2020-01-06,,https://www.hasznaltauto.hu/szemelyauto/ford/focus/ford_focus_1_6_ambiente_automata_megkimelt_allapot_valos_km-15276154,http://katalogus.hasznaltauto.hu/ford/focus_1.6_ambiente_automata-10113,2020-02-10,True,,,13,30,17,<class 'sqlalchemy.exc.IntegrityError'>
15441654,1100000,6,False,27,4484,2007-04-01,120000,1,2,M5,5,5,2021-04-01,20,1560,False,2020-02-16,,https://www.hasznaltauto.hu/szemelyauto/ford/fusion/ford_fusion_1_6_tdci_fresh-15441654,http://katalogus.hasznaltauto.hu/ford/fusion_1.6_tdci_fresh-9616,,False,,2020-05-05,15,30,182,<class 'sqlalchemy.exc.IntegrityError'>
15170194,3199000,12,True,64,8000,2013-02-01,23399,1,1,M5,5,5,2021-05-01,90,998,False,2019-12-03,,https://www.hasznaltauto.hu/szemelyauto/ford/b-max/ford_b-max_1_0_gtdi_ecoboost_titanium_s_s_mo-i_elso_tulajdonostol_teli-nyari_kerek_szett_vez_szerv_tortenet_24_000km-15170194,http://katalogus.hasznaltauto.hu/ford/b-max_1.0_gtdi_ecoboost_titanium_s_s-9626,2020-05-05,True,,,6,30,40,<class 'sqlalchemy.exc.IntegrityError'>
13382322,8885716,5,True,517,2151,2018-07-01,25000,4,2,0,5,5,2022-08-01,132,1461,True,2018-09-06,,https://www.hasznaltauto.hu/szemelyauto/mercedes-benz/a_180/mercedes-benz_a_180_d_7g-dct_netto_6_996_202_ft_plusz_afa-13382322,http://katalogus.hasznaltauto.hu/mercedes-benz/a_180_d_7g-dct-112419,,False,,2020-05-06,13,58,33,<class 'sqlalchemy.exc.IntegrityError'>
14819241,7580985,6,True,155,5100,2018-09-01,39270,1,2,A7,5,5,2022-09-01,30,1461,False,2019-09-05,,https://www.hasznaltauto.hu/szemelyauto/mercedes-benz/a_180/mercedes-benz_a_180_d_style_7g-dct_netto_5_969_279-14819241,http://katalogus.hasznaltauto.hu/mercedes-benz/a_180_d_style_7g-dct-112420,2020-05-05,True,,,10,58,33,<class 'sqlalchemy.exc.IntegrityError'>
15462332,2590000,12,True,29,1112,2008-07-01,175873,4,2,T5,5,5,2021-07-01,10,2148,False,2020-02-21,,https://www.hasznaltauto.hu/szemelyauto/mercedes-benz/c_200/mercedes-benz_c_200_t_cdi_avantgarde_automata-15462332,http://katalogus.hasznaltauto.hu/mercedes-benz/c_200_t_cdi_avantgarde_automata-18017,,False,2020-03-21,2020-03-21,2,58,63,<class 'sqlalchemy.exc.IntegrityError'>
15571388,2490000,11,True,3,9028,1900-01-01,208058,2,2,T5,5,5,1900-01-01,40,2148,False,2020-03-18,,https://www.hasznaltauto.hu/szemelyauto/mercedes-benz/c_200/mercedes-benz_c_200_t_cdi_avantgarde_automata_nagy_navi_parkradar_felbor_17alu_automata_klima-15571388,http://katalogus.hasznaltauto.hu/mercedes-benz/c_200_t_cdi_avantgarde_automata-18017,,False,2020-03-21,2020-03-21,7,58,63,<class 'sqlalchemy.exc.IntegrityError'>
14963461,13382383,6,True,117,2151,2018-12-01,19521,4,2,T9,5,4,2022-12-01,0,1950,True,2019-10-11,,https://www.hasznaltauto.hu/szemelyauto/mercedes-benz/e_220/mercedes-benz_e_220_d_4matic_9g-tronic_netto_ar_10_537_309_ft-14963461,http://katalogus.hasznaltauto.hu/mercedes-benz/e_220_d_4matic_9g-tronic-103859,,False,,2020-05-06,13,58,34,<class 'sqlalchemy.exc.IntegrityError'>
15180162,10999990,12,True,62,6000,1900-01-01,40700,4,2,T9,5,4,2020-04-01,0,1950,True,2019-12-05,,https://www.hasznaltauto.hu/szemelyauto/mercedes-benz/e_220/mercedes-benz_e_220_d_9g-tronic-15180162,http://katalogus.hasznaltauto.hu/mercedes-benz/e_220_d_9g-tronic-100904,2020-05-05,True,,,3,58,34,<class 'sqlalchemy.exc.IntegrityError'>
15044363,7690000,9,True,99,8000,2016-10-01,146210,4,2,T9,5,5,2020-07-01,10,1950,False,2019-10-31,,https://www.hasznaltauto.hu/szemelyauto/mercedes-benz/e_220/mercedes-benz_e_220_d_t_9g-tronic_szervizkonyv_garantalt_km_plusz_1_ev_garancia-15044363,http://katalogus.hasznaltauto.hu/mercedes-benz/e_220_d_t_9g-tronic-103870,,False,,2020-05-06,6,58,34,<class 'sqlalchemy.exc.IntegrityError'>
15345649,2499000,12,True,57,1161,2010-10-01,349000,1,2,T5,8,4,2022-01-01,10,2148,False,2020-01-24,,https://www.hasznaltauto.hu/szemelyauto/mercedes-benz/vito/mercedes-benz_vito_111_cdi_l_automata_9_ules_navi_android_monitor-15345649,http://katalogus.hasznaltauto.hu/mercedes-benz/111_cdi_l_automata-51401,,False,2020-03-21,2020-03-21,2,58,60,<class 'sqlalchemy.exc.IntegrityError'>
15037524,6999000,12,True,98,6700,2014-07-01,93500,4,2,T7,5,4,2020-07-01,130,2143,False,2019-10-30,,https://www.hasznaltauto.hu/szemelyauto/mercedes-benz/c_220/mercedes-benz_c_220_bluetec_d_blueefficiency_7g-tronic_magyar_serulesmentes-15037524,http://katalogus.hasznaltauto.hu/mercedes-benz/c_220_bluetec_d_blueefficiency_7g-tronic-66152,2020-02-10,True,,,5,58,7,<class 'sqlalchemy.exc.IntegrityError'>
15360256,3990000,12,True,8,6725,2011-05-01,163132,2,2,T7,5,4,2021-05-01,40,2143,False,2020-01-28,,https://www.hasznaltauto.hu/szemelyauto/mercedes-benz/c_220/mercedes-benz_c_220_cdi_blueefficiency_avantgarde_automata_magyaro_1_gazdas_szervizkonyves_akar_plusz_1_ev_garancia-15360256,http://katalogus.hasznaltauto.hu/mercedes-benz/c_220_cdi_blueefficiency_avantgarde_automata-18098,2020-05-05,True,,,5,58,7,<class 'sqlalchemy.exc.IntegrityError'>
15388358,7190000,9,True,3,9012,2018-03-01,9200,1,2,A7,5,5,2022-03-01,0,1461,False,2020-02-04,,https://www.hasznaltauto.hu/szemelyauto/mercedes-benz/b_180/mercedes-benz_b_180_cdi_blueefficiency_style_7g-dct_3_6_lit_100km_488_liter_csomagter_led_park_assist_isp_garancia_5_7m_ft_plusz_afa-15388358,http://katalogus.hasznaltauto.hu/mercedes-benz/b_180_cdi_blueefficiency_style_7g-dct-92229,2020-05-05,True,,,7,58,54,<class 'sqlalchemy.exc.IntegrityError'>
15220211,9990000,12,True,52,2040,2019-06-01,5980,4,1,T9,5,5,2023-06-01,10,1595,True,2019-12-17,,https://www.hasznaltauto.hu/szemelyauto/mercedes-benz/c_180/mercedes-benz_c_180_t_9g-tronic_benzines_kombi_hibatlan_allapotban_2023-ig_isp_garancia-15220211,http://katalogus.hasznaltauto.hu/mercedes-benz/c_180_t_9g-tronic-112439,2020-05-05,True,,,13,58,46,<class 'sqlalchemy.exc.IntegrityError'>
15041303,7723327,6,True,99,2151,2017-02-01,41361,2,2,T7,5,4,2021-02-01,10,1598,False,2019-10-31,,https://www.hasznaltauto.hu/szemelyauto/mercedes-benz/c_180/mercedes-benz_c_180_bluetec_d_7g-tronic_netto_ar_6_265_643_ft_plusz_afa-15041303,http://katalogus.hasznaltauto.hu/mercedes-benz/c_180_bluetec_d_7g-tronic-92291,,False,,2020-05-06,13,58,46,<class 'sqlalchemy.exc.IntegrityError'>
15349278,17490000,6,True,11,2151,2019-04-01,21850,5,2,T7,7,5,2023-04-01,190,2143,True,2020-01-25,,https://www.hasznaltauto.hu/szemelyauto/mercedes-benz/v-osztaly/mercedes-benz_v-osztaly_v_250_bluetec_avantgarde_l_4matic_automata_magyaro_-i_elso_uzembeh-15349278,http://katalogus.hasznaltauto.hu/mercedes-benz/v_250_bluetec_avantgarde_l_4matic_automata-92517,,False,,2020-05-06,13,58,36,<class 'sqlalchemy.exc.IntegrityError'>
15391785,25482944,6,True,1,2151,2019-05-01,16223,5,2,T9,5,4,1900-01-01,0,2925,True,2020-02-04,,https://www.hasznaltauto.hu/szemelyauto/mercedes-benz/s_350/mercedes-benz_s_350_d_l_4matic_9g-tronic_netto_ar_20_065_310_ft-15391785,http://katalogus.hasznaltauto.hu/mercedes-benz/s_350_d_l_4matic_9g-tronic-110787,2020-05-05,True,,,13,58,37,<class 'sqlalchemy.exc.IntegrityError'>
15000897,6790000,12,True,109,1117,2018-12-01,11186,1,1,M6,5,5,2022-12-01,30,1595,False,2019-10-21,,https://www.hasznaltauto.hu/szemelyauto/mercedes-benz/b_160/mercedes-benz_b_160_style_7g-dct_mo-i_garancia_isp_1_tulajdonos-15000897,http://katalogus.hasznaltauto.hu/mercedes-benz/b_160_style_7g-dct-98301,2020-02-10,True,,,2,58,52,<class 'sqlalchemy.exc.IntegrityError'>
15399419,5699000,12,True,1,4002,2017-07-01,133250,2,1,M6,5,4,2021-07-01,190,1595,False,2020-02-06,,https://www.hasznaltauto.hu/szemelyauto/mercedes-benz/c_160/mercedes-benz_c_160_m-o_i_1_tulajdonos_vezetett_szervizkonyv-15399419,http://katalogus.hasznaltauto.hu/mercedes-benz/c_160-92297,2020-05-05,True,,,8,58,47,<class 'sqlalchemy.exc.IntegrityError'>
15206880,7680000,10,True,56,9012,2018-10-01,25511,1,1,A7,5,5,2022-09-01,0,1595,False,2019-12-13,,https://www.hasznaltauto.hu/szemelyauto/mercedes-benz/gla_180/mercedes-benz_gla_180_style_7g-dct_park_assist_navi_led_mo-i_isp_garancia_6_1m_ft_plusz_afa-15206880,http://katalogus.hasznaltauto.hu/mercedes-benz/gla_180_style_7g-dct-109525,2020-02-10,True,,,7,58,59,<class 'sqlalchemy.exc.IntegrityError'>
14717407,11184803,6,True,181,2151,2018-06-01,43814,0,2,T9,5,5,2022-06-01,10,2143,True,2019-08-08,,https://www.hasznaltauto.hu/szemelyauto/mercedes-benz/glc_220/mercedes-benz_glc_220_d_4matic_9g-tronic_netto_ar8_806_931_ft-14717407,http://katalogus.hasznaltauto.hu/mercedes-benz/glc_220_d_4matic_9g-tronic-107626,2020-05-05,True,,,13,58,35,<class 'sqlalchemy.exc.IntegrityError'>
15384578,13492378,6,True,2,2151,2019-05-01,8288,4,2,T9,5,5,2023-05-01,130,2143,True,2020-02-03,,https://www.hasznaltauto.hu/szemelyauto/mercedes-benz/glc_220/mercedes-benz_glc_220_d_4matic_9g-tronic_netto_ar10_623_919_ft-15384578,http://katalogus.hasznaltauto.hu/mercedes-benz/glc_220_d_4matic_9g-tronic-98807,,False,,2020-05-06,13,58,35,<class 'sqlalchemy.exc.IntegrityError'>
15364210,13492378,6,True,7,2151,2019-05-01,10962,4,2,T9,5,5,2023-05-01,130,2143,True,2020-01-29,,https://www.hasznaltauto.hu/szemelyauto/mercedes-benz/glc_220/mercedes-benz_glc_220_d_4matic_9g-tronic_netto_ar10_623_919_ft-15364210,http://katalogus.hasznaltauto.hu/mercedes-benz/glc_220_d_4matic_9g-tronic-98807,,False,,2020-05-06,13,58,35,<class 'sqlalchemy.exc.IntegrityError'>
15349342,7490000,11,True,13,4002,2014-12-01,86000,4,2,T7,5,4,2020-12-01,10,2143,False,2020-01-25,,https://www.hasznaltauto.hu/szemelyauto/mercedes-benz/e_250/mercedes-benz_e_250_bluetec_4matic_avantgarde_automata_mo-i_1_tulajdonos_amg_styling-15349342,http://katalogus.hasznaltauto.hu/mercedes-benz/e_250_bluetec_4matic_avantgarde_automata-92416,,False,,2020-05-06,8,58,56,<class 'sqlalchemy.exc.IntegrityError'>
15397401,6480000,12,True,1,9012,2011-11-01,141000,4,1,T7,4,4,2019-11-01,0,3498,False,2020-02-06,,https://www.hasznaltauto.hu/szemelyauto/mercedes-benz/cls_350/mercedes-benz_cls_350_blueefficiency_automata_harman_kardon_hifi_kamera_navigacio_garancia-15397401,http://katalogus.hasznaltauto.hu/mercedes-benz/cls_350_blueefficiency_automata-19368,2020-05-05,True,,,7,58,50,<class 'sqlalchemy.exc.IntegrityError'>
14365772,7195299,6,True,274,5100,2018-05-01,18500,1,2,A7,5,5,2022-04-01,190,1461,False,2019-05-09,,https://www.hasznaltauto.hu/szemelyauto/mercedes-benz/gla-osztaly/mercedes-benz_gla-osztaly_gla_180_d_style_7g-dct-14365772,http://katalogus.hasznaltauto.hu/mercedes-benz/gla_180_d_style_7g-dct-109558,2020-05-05,True,,,10,58,55,<class 'sqlalchemy.exc.IntegrityError'>
15630564,9500000,12,False,18,1239,2017-03-01,22000,3,1,T9,2,2,2021-03-01,10,1595,True,2020-04-07,,https://www.hasznaltauto.hu/szemelyauto/mercedes-benz/slc_180/mercedes-benz_slc_180_9g-tronic-15630564,http://katalogus.hasznaltauto.hu/mercedes-benz/slc_180_9g-tronic-101203,,False,2020-04-25,2020-04-25,2,58,1136,<class 'sqlalchemy.exc.IntegrityError'>
14975759,35990000,12,True,100,3711,1900-01-01,15000,5,11,T9,5,4,1900-01-01,190,2996,True,2019-10-28,,https://www.hasznaltauto.hu/szemelyauto/mercedes-benz/s_560/mercedes-benz_s_560_e_l_9g-tronic_eq_power_afa-s_netto_399_900_-_berleti_dij_ho-14975759,http://katalogus.hasznaltauto.hu/mercedes-benz/s_560_e_l_9g-tronic_eq_power-117577,,False,,2020-05-06,1,58,38,<class 'sqlalchemy.exc.IntegrityError'>
15356440,19990000,11,True,11,3711,2017-10-01,104764,5,1,T9,5,4,1900-01-01,190,3982,True,2020-01-27,,https://www.hasznaltauto.hu/szemelyauto/mercedes-benz/s_560/mercedes-benz_s_560_l_4matic_9g-tronic_magyarorszagon_uzembe_helyezett_1_tulaj-15356440,http://katalogus.hasznaltauto.hu/mercedes-benz/s_560_l_4matic_9g-tronic-110780,,False,,2020-05-06,1,58,38,<class 'sqlalchemy.exc.IntegrityError'>
15177102,6499999,6,True,62,4032,2016-08-01,97000,4,2,T8,5,5,2020-08-01,10,1995,False,2019-12-05,,https://www.hasznaltauto.hu/szemelyauto/bmw/220/bmw_220xd_sport_automata_mo-i_sport_line-15177102,http://katalogus.hasznaltauto.hu/bmw/220xd_sport_automata-96495,2020-05-05,True,,,8,12,45,<class 'sqlalchemy.exc.IntegrityError'>
15368716,1999000,6,True,6,4431,2011-02-01,120000,1,1,M5,5,5,2022-01-01,0,1198,True,2020-01-30,,https://www.hasznaltauto.hu/szemelyauto/volkswagen/polo/volkswagen_polo_1_2_70_comfortline_hitelugyintezes_0tol_elviheto-15368716,http://katalogus.hasznaltauto.hu/volkswagen/polo_1.2_70_comfortline-43952,2020-05-05,True,,,15,97,30,<class 'sqlalchemy.exc.IntegrityError'>
15296925,1999000,12,True,25,2120,2009-09-01,165000,1,1,M6,5,5,2020-11-01,20,1390,True,2020-01-11,,https://www.hasznaltauto.hu/szemelyauto/volkswagen/golf_vi/volkswagen_golf_vi_1_4_tsi_comfortline_megkimelt_szep_auto-15296925,http://katalogus.hasznaltauto.hu/volkswagen/golf_1.4_tsi_comfortline-45211,,False,,2020-05-06,13,97,22,<class 'sqlalchemy.exc.IntegrityError'>
15112544,3295000,11,True,79,2120,2011-08-01,154000,4,1,A7,5,4,2021-09-01,10,1390,False,2019-11-18,,https://www.hasznaltauto.hu/szemelyauto/volkswagen/passat_vii/volkswagen_passat_vii_1_4_tsi_comfortline_dsg_garantalt_km_serules_mentes-15112544,http://katalogus.hasznaltauto.hu/volkswagen/passat_1.4_tsi_comfortline_dsg-47010,,False,,2020-05-06,13,97,14,<class 'sqlalchemy.exc.IntegrityError'>
15356520,3890000,11,True,9,1037,2016-03-01,150966,4,2,A0,5,5,1900-01-01,130,1598,False,2020-01-27,,https://www.hasznaltauto.hu/szemelyauto/volkswagen/passat_viii/volkswagen_passat_viii_variant_1_6_tdi_trendline_bmt_dsg-15356520,http://katalogus.hasznaltauto.hu/volkswagen/passat_variant_1.6_tdi_trendline_bmt_dsg-97968,2020-05-05,True,,,2,97,42,<class 'sqlalchemy.exc.IntegrityError'>
15279180,4790000,10,True,29,1174,2018-07-01,31700,2,1,A0,5,4,2022-07-01,10,1395,False,2020-01-07,,https://www.hasznaltauto.hu/szemelyauto/volkswagen/jetta_vi/volkswagen_jetta_vi_1_4_tsi_comfortline_bmt_dsg_magyarorszagi_garancialis_afas-15279180,http://katalogus.hasznaltauto.hu/volkswagen/jetta_1.4_tsi_comfortline_bmt_dsg-97386,2020-05-05,True,,,2,97,6,<class 'sqlalchemy.exc.IntegrityError'>
15359329,2490000,12,True,8,3532,2004-01-01,245000,5,1,T5,4,4,2021-09-01,40,3189,False,2020-01-28,,https://www.hasznaltauto.hu/szemelyauto/volkswagen/phaeton/volkswagen_phaeton_3_2_v6_4_szemelyes_automata_golyoallo_uvegek_diplomata_auto_volt_full-full-15359329,http://katalogus.hasznaltauto.hu/volkswagen/phaeton_3.2_v6_4_szemelyes__automata-47155,2020-02-10,True,,,1,97,25,<class 'sqlalchemy.exc.IntegrityError'>
15366277,2899000,7,True,7,1037,2014-06-01,93193,3,1,M5,5,5,2020-06-01,10,1598,False,2020-01-29,,https://www.hasznaltauto.hu/szemelyauto/opel/astra_j/opel_astra_j_1_6_active_afa-s_szamlaval-15366277,http://katalogus.hasznaltauto.hu/opel/astra_1.6_active-24921,2020-05-05,True,,,2,68,39,<class 'sqlalchemy.exc.IntegrityError'>
15365941,2490000,7,True,9,1037,2015-05-01,187050,3,1,M5,5,5,2021-05-01,130,1598,False,2020-01-29,,https://www.hasznaltauto.hu/szemelyauto/opel/astra_j/opel_astra_j_1_6_enjoy_afas_szamlaval-15365941,http://katalogus.hasznaltauto.hu/opel/astra_1.6_enjoy-24919,2020-05-05,True,,,2,68,39,<class 'sqlalchemy.exc.IntegrityError'>
14949063,7160000,3,True,120,2040,2019-10-01,0,0,2,M6,5,4,1900-01-01,10,1499,False,2019-10-08,,https://www.hasznaltauto.hu/szemelyauto/opel/vivaro/opel_vivaro_1_5_d_combi_s_megerkezett_erdeklodjon_kereskedesunkben-14949063,http://katalogus.hasznaltauto.hu/opel/vivaro_1.5_d_combi_s-124411,,False,,2020-05-06,13,68,12,<class 'sqlalchemy.exc.IntegrityError'>
15284272,7590000,6,True,28,2310,1900-01-01,0,1,1,M6,5,5,1900-01-01,20,1490,False,2020-01-08,,https://www.hasznaltauto.hu/szemelyauto/opel/insignia/opel_insignia_grand_sport_1_5_edition_start_stop-15284272,http://katalogus.hasznaltauto.hu/opel/insignia_grand_sport_1.5_edition_start_stop-115932,,False,,2020-05-06,13,68,20,<class 'sqlalchemy.exc.IntegrityError'>
15211312,6290000,11,True,55,1033,2019-09-01,40,5,1,M6,5,5,2023-09-01,190,1199,False,2019-12-14,,https://www.hasznaltauto.hu/szemelyauto/opel/grandland_x/opel_grandland_x_1_2_t_enjoy_best_legjobb_ar-15211312,http://katalogus.hasznaltauto.hu/opel/grandland_x_1.2_t_enjoy-115808,2020-05-05,True,,,2,68,19,<class 'sqlalchemy.exc.IntegrityError'>
15284179,7199000,4,True,28,2310,1900-01-01,0,2,1,M6,5,5,1900-01-01,0,1199,False,2020-01-08,,https://www.hasznaltauto.hu/szemelyauto/opel/grandland_x/opel_grandland_x_1_2_t_enjoy_best-15284179,http://katalogus.hasznaltauto.hu/opel/grandland_x_1.2_t_enjoy-122399,,False,,2020-05-06,13,68,19,<class 'sqlalchemy.exc.IntegrityError'>
15363953,7999000,3,True,7,2310,1900-01-01,0,1,2,M6,6,4,1900-01-01,0,1499,False,2020-01-29,,https://www.hasznaltauto.hu/szemelyauto/opel/zafira_life/opel_zafira_life_1_5_d_business_m_6_szemelyes_allami_tamogatassal-15363953,http://katalogus.hasznaltauto.hu/opel/zafira_life_1.5_d_business_m_6_szemelyes-126133,,False,,2020-05-06,13,68,28,<class 'sqlalchemy.exc.IntegrityError'>
15206698,4299000,12,True,56,1106,2019-01-01,9212,1,1,M5,5,5,2023-01-01,0,1199,False,2019-12-13,,https://www.hasznaltauto.hu/szemelyauto/opel/crossland_x/opel_crossland_x_1_2_enjoy_opel_wallis-tol-15206698,http://katalogus.hasznaltauto.hu/opel/crossland_x_1.2_enjoy-115784,2020-05-05,True,,,2,68,18,<class 'sqlalchemy.exc.IntegrityError'>
15282937,5099000,5,True,28,2310,1900-01-01,0,2,1,M5,5,5,1900-01-01,0,1199,False,2020-01-08,,https://www.hasznaltauto.hu/szemelyauto/opel/crossland_x/opel_crossland_x_1_2_start-stop_best-15282937,http://katalogus.hasznaltauto.hu/opel/crossland_x_1.2_start-stop_best-124022,,False,,2020-05-06,13,68,18,<class 'sqlalchemy.exc.IntegrityError'>
15361401,4450000,7,True,8,1106,2018-05-01,25930,4,1,M6,5,5,2022-05-01,0,1399,False,2020-01-28,,https://www.hasznaltauto.hu/szemelyauto/opel/astra_k/opel_astra_k_1_4_t_enjoy_125le_szeles_valasztekban-15361401,http://katalogus.hasznaltauto.hu/opel/astra_1.4_t_enjoy-101494,,False,,2020-05-06,2,68,21,<class 'sqlalchemy.exc.IntegrityError'>
15361372,4450000,8,True,8,1106,2018-05-01,25930,4,1,M6,5,5,2022-05-01,0,1399,False,2020-01-28,,https://www.hasznaltauto.hu/szemelyauto/opel/astra_k/opel_astra_k_1_4_t_enjoy_125le_szeles_valasztekban-15361372,http://katalogus.hasznaltauto.hu/opel/astra_1.4_t_enjoy-101494,,False,,2020-05-06,2,68,21,<class 'sqlalchemy.exc.IntegrityError'>
14578461,4450000,10,True,218,1106,2018-05-01,25930,4,1,M6,5,5,2022-05-01,0,1399,False,2019-07-02,,https://www.hasznaltauto.hu/szemelyauto/opel/astra_k/opel_astra_k_1_4_t_enjoy_125le_szeles_valasztekban-14578461,http://katalogus.hasznaltauto.hu/opel/astra_1.4_t_enjoy-101494,,False,,2020-05-06,2,68,21,<class 'sqlalchemy.exc.IntegrityError'>
14577631,4450000,11,True,218,1106,2018-05-01,31112,4,1,M6,5,5,2022-05-01,0,1399,False,2019-07-02,,https://www.hasznaltauto.hu/szemelyauto/opel/astra_k/opel_astra_k_1_4_t_enjoy_125le_szeles_valasztekban-14577631,http://katalogus.hasznaltauto.hu/opel/astra_1.4_t_enjoy-101494,,False,,2020-05-06,2,68,21,<class 'sqlalchemy.exc.IntegrityError'>
15393544,4299000,11,True,2,1037,2016-07-01,41645,4,1,T6,5,5,2020-07-01,40,1399,False,2020-02-05,,https://www.hasznaltauto.hu/szemelyauto/opel/astra_k/opel_astra_k_sports_tourer_1_4_t_start-stop_enjoy_automata-15393544,http://katalogus.hasznaltauto.hu/opel/astra_sports_tourer_1.4_t_start-stop_enjoy_automata-101555,2020-05-05,True,,,2,68,21,<class 'sqlalchemy.exc.IntegrityError'>
13891522,4749000,12,True,385,1173,1900-01-01,33000,4,2,M6,5,5,1900-01-01,0,1598,False,2019-01-18,,https://www.hasznaltauto.hu/szemelyauto/opel/astra_k/opel_astra_k_sports_tourer_1_6_cdti_start-stop_enjoy-13891522,http://katalogus.hasznaltauto.hu/opel/astra_sports_tourer_1.6_cdti_start-stop_enjoy-101574,,False,,2020-05-06,2,68,21,<class 'sqlalchemy.exc.IntegrityError'>
15307350,5499000,9,True,24,1106,2019-06-01,10,4,1,M6,5,5,1900-01-01,0,1399,False,2020-01-14,,https://www.hasznaltauto.hu/szemelyauto/opel/astra_k/opel_astra_k_1_4_t_enjoy_best_modell_az_opel_wallistol-15307350,http://katalogus.hasznaltauto.hu/opel/astra_1.4_t_enjoy-115832,2020-05-05,True,,,2,68,21,<class 'sqlalchemy.exc.IntegrityError'>
15307314,5499000,7,True,24,1106,2019-06-01,10,4,1,M6,5,5,1900-01-01,0,1399,False,2020-01-14,,https://www.hasznaltauto.hu/szemelyauto/opel/astra_k/opel_astra_k_1_4_t_enjoy_best_modell_az_opel_wallistol-15307314,http://katalogus.hasznaltauto.hu/opel/astra_1.4_t_enjoy-115832,2020-05-05,True,,,2,68,21,<class 'sqlalchemy.exc.IntegrityError'>
15288263,5600000,6,True,27,2310,1900-01-01,0,3,1,M6,5,5,1900-01-01,20,1399,False,2020-01-09,,https://www.hasznaltauto.hu/szemelyauto/opel/astra_k/opel_astra_k_1_4_t_enjoy_best_csak_most_csak_nalunk-15288263,http://katalogus.hasznaltauto.hu/opel/astra_1.4_t_enjoy-115832,,False,,2020-05-06,13,68,21,<class 'sqlalchemy.exc.IntegrityError'>
15306144,5499000,9,True,22,2370,2020-01-01,2400,4,1,M6,5,5,2024-01-01,0,1199,False,2020-01-14,,https://www.hasznaltauto.hu/szemelyauto/opel/astra_k/opel_astra_k_1_2_t_best_keveset_futott_bemutato_auto-15306144,http://katalogus.hasznaltauto.hu/opel/astra_1.2_t_best-125258,,False,,2020-05-06,13,68,21,<class 'sqlalchemy.exc.IntegrityError'>
15138921,5249000,12,True,74,2370,2019-04-01,20250,4,1,M6,5,5,2023-04-01,132,1399,False,2019-11-25,,https://www.hasznaltauto.hu/szemelyauto/opel/astra_k/opel_astra_k_sports_tourer_1_4_t_enjoy_keszletrol_azonnal_elviheto_best_modell-15138921,http://katalogus.hasznaltauto.hu/opel/astra_sports_tourer_1.4_t_enjoy-115872,,False,,2020-05-06,13,68,21,<class 'sqlalchemy.exc.IntegrityError'>
15306065,5489000,12,True,24,2370,2020-01-01,2080,4,1,M6,5,5,2024-01-01,0,1199,False,2020-01-14,,https://www.hasznaltauto.hu/szemelyauto/opel/astra_k/opel_astra_k_1_2_t_best_kerjen_egyedi_ajanlatot-15306065,http://katalogus.hasznaltauto.hu/opel/astra_1.2_t_best-125258,,False,,2020-05-06,13,68,21,<class 'sqlalchemy.exc.IntegrityError'>
15330441,6199000,2,True,16,2310,1900-01-01,0,1,1,M6,7,5,1900-01-01,0,1199,False,2020-01-20,,https://www.hasznaltauto.hu/szemelyauto/opel/combo/opel_combo_life_1_2_t_enjoy_2_0t_allami_tamogatassal-15330441,http://katalogus.hasznaltauto.hu/opel/combo_life_1.2_t_enjoy_2.0t-123241,,False,,2020-05-06,13,68,24,<class 'sqlalchemy.exc.IntegrityError'>
15366788,3499000,10,True,7,1106,2018-05-01,34560,3,1,M5,5,5,2022-05-01,0,1398,False,2020-01-29,,https://www.hasznaltauto.hu/szemelyauto/opel/corsa_e/opel_corsa_e_1_4_enjoy_magyar_sz_konyves_tobb_darab-15366788,http://katalogus.hasznaltauto.hu/opel/corsa_1.4_enjoy-97859,,False,,2020-05-06,2,68,41,<class 'sqlalchemy.exc.IntegrityError'>
15361514,3499000,8,True,8,1106,2018-05-01,39951,3,1,M5,5,5,2022-05-01,0,1398,False,2020-01-28,,https://www.hasznaltauto.hu/szemelyauto/opel/corsa_e/opel_corsa_e_1_4_enjoy_magyar_sz_konyves_tobb_darab-15361514,http://katalogus.hasznaltauto.hu/opel/corsa_1.4_enjoy-97859,2020-05-05,True,,,2,68,41,<class 'sqlalchemy.exc.IntegrityError'>
15361501,3499000,8,True,8,1106,2018-05-01,39951,3,1,M5,5,5,2022-05-01,0,1398,False,2020-01-28,,https://www.hasznaltauto.hu/szemelyauto/opel/corsa_e/opel_corsa_e_1_4_enjoy_magyar_sz_konyves_tobb_darab-15361501,http://katalogus.hasznaltauto.hu/opel/corsa_1.4_enjoy-97859,,False,,2020-05-06,2,68,41,<class 'sqlalchemy.exc.IntegrityError'>
15311282,5849000,9,True,23,1173,2019-11-01,2700,1,1,M6,5,5,1900-01-01,71,1199,False,2020-01-15,,https://www.hasznaltauto.hu/szemelyauto/opel/corsa_f/opel_corsa_f_1_2_t_gs_line_keszletrol_azonnal_demo_auto-15311282,http://katalogus.hasznaltauto.hu/opel/corsa_1.2_t_gs_line-124010,,False,,2020-05-06,2,68,23,<class 'sqlalchemy.exc.IntegrityError'>
15310292,3899999,2,True,21,2310,1900-01-01,0,0,1,M5,5,5,1900-01-01,0,1199,False,2020-01-15,,https://www.hasznaltauto.hu/szemelyauto/opel/corsa_f/opel_corsa_f_1_2_edition-15310292,http://katalogus.hasznaltauto.hu/opel/corsa_1.2_edition-124006,,False,,2020-05-06,13,68,23,<class 'sqlalchemy.exc.IntegrityError'>
15203715,6490000,11,True,54,1147,2017-10-01,28664,4,2,M6,5,5,2020-10-01,132,1969,True,2019-12-12,,https://www.hasznaltauto.hu/szemelyauto/volvo/v60/volvo_v60_2_0_d_d2_momentum_linje_svart_27_afa-s_ar_garancia-15203715,http://katalogus.hasznaltauto.hu/volvo/v60_2.0_d_d2_momentum-95496,2020-05-05,True,,,2,98,4,<class 'sqlalchemy.exc.IntegrityError'>
15321531,4490000,12,True,19,1116,2014-05-01,131000,4,2,M6,5,5,2020-05-01,40,1984,False,2020-01-17,,https://www.hasznaltauto.hu/szemelyauto/volvo/v60/volvo_v60_2_0_d_d3_kinetic_magyarorszagi_elso_tulajdonosatol-15321531,http://katalogus.hasznaltauto.hu/volvo/v60_2.0_d_d3_kinetic-41924,2020-05-05,True,,,2,98,4,<class 'sqlalchemy.exc.IntegrityError'>
14303205,5999000,12,True,289,8000,2014-04-01,71554,2,1,M6,5,5,2020-08-01,91,1595,False,2019-04-24,,https://www.hasznaltauto.hu/szemelyauto/volvo/v60/volvo_v60_1_6_t3_momentum_volvo_selekt_garanciaval_afas_ar-14303205,http://katalogus.hasznaltauto.hu/volvo/v60_1.6_t3_momentum-41842,,False,,2020-05-06,6,98,4,<class 'sqlalchemy.exc.IntegrityError'>
15098825,5499000,12,True,82,1116,2016-09-01,113000,4,2,M6,5,5,2022-09-01,190,1969,False,2019-11-15,,https://www.hasznaltauto.hu/szemelyauto/volvo/v40/volvo_v40_cross_country_2_0_d_d2_ocean_race_volvo_selekt_ujszeru-15098825,http://katalogus.hasznaltauto.hu/volvo/v40_cross_country_2.0_d_d2_ocean_race-104844,,False,,2020-05-06,2,98,44,<class 'sqlalchemy.exc.IntegrityError'>
15120896,5690000,12,True,79,1116,2015-10-01,65000,4,2,M6,5,5,2021-11-01,190,1969,False,2019-11-20,,https://www.hasznaltauto.hu/szemelyauto/volvo/v40/volvo_v40_cross_country_2_0_d_d2_ocean_race_magyarorszagi_valoban_ujszeru_allapotu-15120896,http://katalogus.hasznaltauto.hu/volvo/v40_cross_country_2.0_d_d2_ocean_race-94946,,False,,2020-05-06,2,98,44,<class 'sqlalchemy.exc.IntegrityError'>
15146575,5490000,12,True,72,1116,2012-06-01,216000,2,2,T6,7,5,2020-06-01,40,2400,False,2019-11-27,,https://www.hasznaltauto.hu/szemelyauto/volvo/xc90/volvo_xc90_2_4_d_d5_summum_geartronic_7_sz_afa-s_aron-15146575,http://katalogus.hasznaltauto.hu/volvo/xc90_2.4_d_d5_summum_geartronic_7_sz.-62500,2020-02-10,True,,,2,98,2,<class 'sqlalchemy.exc.IntegrityError'>
15099987,6790000,12,True,84,1116,2014-06-01,116000,4,2,M6,5,5,2020-06-01,190,1969,False,2019-11-15,,https://www.hasznaltauto.hu/szemelyauto/volvo/xc60/volvo_xc60_2_0_d_d4_momentum_fwd_magyarorszagi_valoban_ujszeru_allapotu-15099987,http://katalogus.hasznaltauto.hu/volvo/xc60_2.0_d_d4_momentum_fwd-62374,2020-05-05,True,,,2,98,51,<class 'sqlalchemy.exc.IntegrityError'>
15393792,6990000,12,True,2,1116,2015-09-01,122500,4,2,T8,5,5,2021-04-01,11,1969,False,2020-02-05,,https://www.hasznaltauto.hu/szemelyauto/volvo/xc60/volvo_xc60_2_0_d_d4_summum_geartronic_fwd_volvo_selekt_garanciaval-15393792,http://katalogus.hasznaltauto.hu/volvo/xc60_2.0_d_d4_summum_geartronic_fwd-62377,2020-05-05,True,,,2,98,51,<class 'sqlalchemy.exc.IntegrityError'>
15176898,6799000,12,True,64,8000,2016-03-01,84288,4,2,T8,5,5,2020-05-01,10,1969,False,2019-12-05,,https://www.hasznaltauto.hu/szemelyauto/volvo/v70/volvo_v70_2_0_d_d4_kinetic_geartronic_mo-i_masodik_tulajdonostol_84_288_km_volvo_selekt-15176898,http://katalogus.hasznaltauto.hu/volvo/v70_2.0_d_d4_kinetic_geartronic-42745,,False,,2020-05-06,6,98,53,<class 'sqlalchemy.exc.IntegrityError'>
14915660,5749000,12,True,130,8000,2015-09-01,77711,4,2,0,5,5,2021-06-01,90,1968,False,2019-09-30,,https://www.hasznaltauto.hu/szemelyauto/audi/a3/audi_a3_sportback_2_0_tdi_attraction_s-tronic_mo-i_vegig_markaszerv_77_711km_2021_06_-ig_muszaki-14915660,http://katalogus.hasznaltauto.hu/audi/a3_sportback_2.0_tdi_attraction_s-tronic-90217,,False,,2020-05-06,6,7,48,<class 'sqlalchemy.exc.IntegrityError'>
15390914,499000,11,True,0,8200,1995-10-01,280892,3,2,M5,5,4,2022-01-01,0,1896,True,2020-02-04,,https://www.hasznaltauto.hu/szemelyauto/audi/a4/audi_a4_1_9_tdi_friss_muszaki-15390914,http://katalogus.hasznaltauto.hu/audi/a4_1.9_tdi-1852,2020-02-10,True,,,18,7,5,<class 'sqlalchemy.exc.IntegrityError'>
15361656,2490000,12,True,8,1161,2008-06-01,85900,4,1,M5,5,5,2020-06-01,130,1595,False,2020-01-28,,https://www.hasznaltauto.hu/szemelyauto/skoda/octavia/skoda_octavia_1_6_elegance_85_000km1-tulajmagyarorszagi-15361656,http://katalogus.hasznaltauto.hu/skoda/octavia_1.6_elegance-36640,2020-05-05,True,,,2,82,26,<class 'sqlalchemy.exc.IntegrityError'>
15224905,999000,12,True,49,1112,2006-08-01,208000,2,2,M6,5,4,1900-01-01,130,2231,False,2019-12-18,,https://www.hasznaltauto.hu/szemelyauto/lexus/is/lexus_is_220d_mark_levinson_navi_bor-15224905,http://katalogus.hasznaltauto.hu/lexus/is_220d_mark_levinson-15315,2020-05-05,True,,,2,47,8,<class 'sqlalchemy.exc.IntegrityError'>
15192476,3490000,11,True,58,1112,2010-06-01,113640,3,1,T6,5,4,2020-06-01,10,2500,False,2019-12-09,,https://www.hasznaltauto.hu/szemelyauto/lexus/is/lexus_is_250_base_automata-15192476,http://katalogus.hasznaltauto.hu/lexus/is_250_base_automata-15321,2020-02-10,True,,,2,47,8,<class 'sqlalchemy.exc.IntegrityError'>
15243420,4250000,6,False,42,7400,2009-08-01,187000,4,1,T6,5,4,2021-08-01,10,2500,True,2019-12-25,,https://www.hasznaltauto.hu/szemelyauto/lexus/is/lexus_is_250_mark_levinsonpre-crash_automata-15243420,http://katalogus.hasznaltauto.hu/lexus/is_250_mark_levinsonpre-crash_automata-15324,2020-05-05,True,,,14,47,8,<class 'sqlalchemy.exc.IntegrityError'>
14617460,3650000,12,True,208,2800,2010-01-01,192136,4,1,T6,5,4,2021-04-01,10,2500,False,2019-07-12,,https://www.hasznaltauto.hu/szemelyauto/lexus/is/lexus_is_250_base_automata-14617460,http://katalogus.hasznaltauto.hu/lexus/is_250_base_automata-15321,2020-05-05,True,,,11,47,8,<class 'sqlalchemy.exc.IntegrityError'>
15119900,16990000,11,True,77,6725,2019-11-01,5,4,11,T8,5,4,2023-11-01,10,1998,False,2019-11-20,,https://www.hasznaltauto.hu/szemelyauto/bmw/530/bmw_530e_iperformance_automata_keszletrol_azonnal-15119900,http://katalogus.hasznaltauto.hu/bmw/530e_iperformance_automata-108078,,False,,2020-05-06,5,12,15,<class 'sqlalchemy.exc.IntegrityError'>
14874947,6750000,8,True,141,4400,2015-01-01,206000,4,2,T8,5,4,2021-01-01,190,2993,False,2019-09-19,,https://www.hasznaltauto.hu/szemelyauto/bmw/530/bmw_530d_automata_garancia-14874947,http://katalogus.hasznaltauto.hu/bmw/530d_automata-4749,,False,,2020-05-06,15,12,15,<class 'sqlalchemy.exc.IntegrityError'>
15277883,6999999,12,True,31,4032,2015-11-01,89140,4,2,T8,5,4,2022-01-01,130,1995,False,2020-01-07,,https://www.hasznaltauto.hu/szemelyauto/bmw/520/bmw_520d_xdrive_automata_mo-i_2_ev_garancia_bmw_szalon-15277883,http://katalogus.hasznaltauto.hu/bmw/520d_xdrive_automata-103370,2020-05-05,True,,,8,12,49,<class 'sqlalchemy.exc.IntegrityError'>
15054222,5990000,9,True,95,4400,2014-06-01,109021,2,2,T8,5,4,1900-01-01,130,1995,False,2019-11-04,,https://www.hasznaltauto.hu/szemelyauto/bmw/520/bmw_520d_automata_keves_km_magyar-15054222,http://katalogus.hasznaltauto.hu/bmw/520d_automata-4744,2020-05-05,True,,,15,12,49,<class 'sqlalchemy.exc.IntegrityError'>
12261612,4590000,6,True,807,4032,2015-10-01,128000,2,2,M6,5,4,1900-01-01,190,1995,False,2017-11-20,,https://www.hasznaltauto.hu/szemelyauto/bmw/318/bmw_318d_sport_navi_xenon_afas_garancias-12261612,http://katalogus.hasznaltauto.hu/bmw/318d_sport-90860,2020-05-05,True,,,8,12,9,<class 'sqlalchemy.exc.IntegrityError'>
15120038,16975000,12,True,77,6725,2019-09-01,15,5,2,T8,5,5,2023-09-01,132,1995,False,2019-11-20,,https://www.hasznaltauto.hu/szemelyauto/bmw/320/bmw_320d_m_sport_automata_uj_touring_keszletrol_azonnal-15120038,http://katalogus.hasznaltauto.hu/bmw/320d_m_sport_automata-123054,,False,,2020-05-06,5,12,16,<class 'sqlalchemy.exc.IntegrityError'>
10971578,4890000,9,True,1137,4405,2012-12-01,92000,4,2,M6,5,4,2018-12-01,190,1995,False,2016-12-27,,https://www.hasznaltauto.hu/szemelyauto/bmw/320/bmw_320xd_garanciaval-10971578,http://katalogus.hasznaltauto.hu/bmw/320xd-4272,,False,,2020-05-06,15,12,16,<class 'sqlalchemy.exc.IntegrityError'>
15103966,26590000,12,True,81,6725,2018-10-01,0,4,2,T8,5,5,2023-04-01,10,2993,False,2019-11-16,,https://www.hasznaltauto.hu/szemelyauto/bmw/x5/bmw_x5_xdrive30d_automata_szolgalati_auto_11_750km-15103966,http://katalogus.hasznaltauto.hu/bmw/x5_xdrive30d_automata-116544,,False,,2020-05-06,5,12,13,<class 'sqlalchemy.exc.IntegrityError'>
12167431,7490000,6,True,833,4032,2016-12-01,6000,2,2,M6,5,5,1900-01-01,50,1995,False,2017-10-27,,https://www.hasznaltauto.hu/szemelyauto/bmw/218/bmw_218d_advantage_active_tourer_afas-12167431,http://katalogus.hasznaltauto.hu/bmw/218d_advantage-96455,2020-05-05,True,,,8,12,58,<class 'sqlalchemy.exc.IntegrityError'>
15294006,7490000,9,True,28,1033,2015-02-01,119900,4,1,T8,4,2,1900-01-01,10,1997,False,2020-01-10,,https://www.hasznaltauto.hu/szemelyauto/bmw/428/bmw_428xi_sport_automata_magyar_sportline-15294006,http://katalogus.hasznaltauto.hu/bmw/428xi_sport_automata-95935,2020-05-05,True,,,2,12,57,<class 'sqlalchemy.exc.IntegrityError'>
15384945,2999000,9,True,2,1161,2012-09-01,88000,1,1,M6,5,5,2020-09-01,21,1396,False,2020-02-03,,https://www.hasznaltauto.hu/szemelyauto/hyundai/i30/hyundai_i30_1_4i_life_magyarorszagi88000kmsz_konyv-15384945,http://katalogus.hasznaltauto.hu/hyundai/i30_1.4i_life-13461,2020-02-10,True,,,2,38,32,<class 'sqlalchemy.exc.IntegrityError'>
15384933,3549000,8,True,2,1161,2013-07-01,135000,4,1,M6,5,4,2021-07-01,190,1591,False,2020-02-03,,https://www.hasznaltauto.hu/szemelyauto/hyundai/i40/hyundai_i40_1_6_gdi_comfort_magyarorszagiszervizkonyv-15384933,http://katalogus.hasznaltauto.hu/hyundai/i40_1.6_gdi_comfort-13680,2020-02-10,True,,,2,38,3,<class 'sqlalchemy.exc.IntegrityError'>
15358960,2990000,12,True,8,8200,2013-09-01,198780,4,2,M6,5,5,2021-12-01,130,1685,True,2020-01-27,,https://www.hasznaltauto.hu/szemelyauto/hyundai/i40/hyundai_i40_1_7_crdi_lp_premium_nezze_meg_a_videot_is_2_355m_plusz_afa_vezetett_szervizkonyves-15358960,http://katalogus.hasznaltauto.hu/hyundai/i40_1.7_crdi_lp_premium-13712,2020-05-05,True,,,18,38,3,<class 'sqlalchemy.exc.IntegrityError'>
15225418,2990000,11,True,48,8200,2013-11-01,188100,4,2,M6,5,5,2022-01-01,10,1685,True,2019-12-18,,https://www.hasznaltauto.hu/szemelyauto/hyundai/i40/hyundai_i40_1_7_crdi_lp_premium-15225418,http://katalogus.hasznaltauto.hu/hyundai/i40_1.7_crdi_lp_premium-13712,,False,,2020-05-06,18,38,3,<class 'sqlalchemy.exc.IntegrityError'>
14805736,6227000,6,True,156,1194,2019-09-01,8,4,1,M6,0,5,1900-01-01,10,1597,True,2019-09-02,,https://www.hasznaltauto.hu/szemelyauto/ssangyong/tivoli/ssangyong_tivoli_dlx_plus_1_5_turbo_163le_280nm-14805736,no catalog,,False,,2020-05-06,2,84,11,<class 'sqlalchemy.exc.IntegrityError'>
14803978,5949000,5,True,156,1194,2019-11-01,0,1,1,M6,5,5,1900-01-01,0,1497,False,2019-09-02,,https://www.hasznaltauto.hu/szemelyauto/ssangyong/korando/ssangyong_korando_1_5turbo_e-xgi_163le_280nm-14803978,no catalog,,False,,2020-05-06,2,84,10,<class 'sqlalchemy.exc.IntegrityError'>
15368689,1100000,6,True,6,4431,2006-08-01,200000,3,1,M5,5,5,2021-09-01,0,1798,True,2020-01-30,,https://www.hasznaltauto.hu/szemelyauto/mazda/6/mazda_6_sport_1_8_te_hitelugyintezes_0tol_elviheto-15368689,http://katalogus.hasznaltauto.hu/mazda/mazda_6_sport_1.8_te-16405,2020-05-05,True,,,15,56,29,<class 'sqlalchemy.exc.IntegrityError'>
15363900,2690000,12,True,7,1161,2012-10-01,130100,1,1,M5,5,5,2020-10-01,190,1396,False,2020-01-29,,https://www.hasznaltauto.hu/szemelyauto/kia/ceed/kia_ceed_1_4_lx_gyari_fenyezes_leinformalhato_hibatlan-15363900,http://katalogus.hasznaltauto.hu/kia/ceed_1.4_lx-14471,2020-05-05,True,,,2,43,27,<class 'sqlalchemy.exc.IntegrityError'>
15342408,4590000,12,True,13,6726,2019-05-01,17471,2,1,M6,5,5,1900-01-01,40,1396,False,2020-01-23,,https://www.hasznaltauto.hu/szemelyauto/kia/ceed/kia_ceed_1_4_cvvt_lx_afa-s_7ev_garancia-15342408,http://katalogus.hasznaltauto.hu/kia/ceed_1.4_cvvt_lx-100297,,False,,2020-05-06,5,43,27,<class 'sqlalchemy.exc.IntegrityError'>
15342051,4590000,12,True,13,6726,2019-05-01,18689,2,1,M6,5,5,1900-01-01,190,1396,False,2020-01-23,,https://www.hasznaltauto.hu/szemelyauto/kia/ceed/kia_ceed_1_4_cvvt_lx_afa-s_7ev_garancia-15342051,http://katalogus.hasznaltauto.hu/kia/ceed_1.4_cvvt_lx-100297,,False,,2020-05-06,5,43,27,<class 'sqlalchemy.exc.IntegrityError'>
15384083,4499000,12,True,2,1223,2016-09-01,147333,1,1,M6,5,5,2020-09-01,20,1618,False,2020-02-03,,https://www.hasznaltauto.hu/szemelyauto/nissan/x-trail/nissan_x-trail_1_6_dig-t_160_acenta_m_o-i_1tulaj_garancia_0ft-tol-15384083,http://katalogus.hasznaltauto.hu/nissan/x-trail_1.6_dig-t_160_acenta-92845,2020-05-05,True,,,2,65,31,<class 'sqlalchemy.exc.IntegrityError'>
15280543,3990000,9,True,29,1033,2014-07-01,24300,2,1,M6,4,3,1900-01-01,71,1499,False,2020-01-07,,https://www.hasznaltauto.hu/szemelyauto/mini/cooper/mini_cooper_1_5_magyar_24ekm-15280543,http://katalogus.hasznaltauto.hu/mini/mini_1.5_cooper-19999,2020-02-10,True,,,2,61,43,<class 'sqlalchemy.exc.IntegrityError'>
15157469,18790000,7,False,67,7631,2017-09-01,87500,4,1,A9,0,5,2021-09-01,40,2996,True,2019-11-29,,https://www.hasznaltauto.hu/szemelyauto/mercedes-amg/glc/mercedes-amg_glc_43_amg_afa-s-15157469,no catalog,2020-05-05,True,,,0,57,1,<class 'sqlalchemy.exc.IntegrityError'>
s,120000,4,False,41,8391,1989-04-01,48800,0,1,M4,0,0,1900-01-01,0,1348,False,2020-01-02,,https://www.hasznaltauto.hu/szemelyauto/aro/10_4/aro_10_4-15262031,no catalog,2020-05-05,True,,,19,6,1278,<class 'sqlalchemy.exc.DataError'>
